<?xml version="1.0" encoding="UTF-8"?>
<project-private xmlns="http://www.netbeans.org/ns/project-private/1">
    <editor-bookmarks xmlns="http://www.netbeans.org/ns/editor-bookmarks/2" lastBookmarkId="0"/>
    <open-files xmlns="http://www.netbeans.org/ns/projectui-open-files/2">
        <group>
            <file>file:/C:/Users/shamim/Desktop/Java%20Projects/Project1/src/Logic/Register_Form.java</file>
            <file>file:/C:/Users/shamim/Desktop/Java%20Projects/Project1/src/Db_Connection/BasicTablefillup.java</file>
            <file>file:/C:/Users/shamim/Desktop/Java%20Projects/Project1/src/UserInterfaces/Medicine_Info.java</file>
            <file>file:/C:/Users/shamim/Desktop/Java%20Projects/Project1/src/Db_Connection/MedicineInfo.java</file>
            <file>file:/C:/Users/shamim/Desktop/Java%20Projects/Project1/src/UserInterfaces/User_Home.java</file>
            <file>file:/C:/Users/shamim/Desktop/Java%20Projects/Project1/src/Db_Connection/BasicInfo.java</file>
            <file>file:/C:/Users/shamim/Desktop/Java%20Projects/Project1/src/Db_Connection/Cart.java</file>
            <file>file:/C:/Users/shamim/Desktop/Java%20Projects/Project1/src/Db_Connection/UserInfo.java</file>
            <file>file:/C:/Users/shamim/Desktop/Java%20Projects/Project1/src/Logic/CartEdit.java</file>
        </group>
    </open-files>
</project-private>
